<?xml version="1.0" encoding="UTF-8"?>
<project-private xmlns="http://www.netbeans.org/ns/project-private/1">
    <editor-bookmarks xmlns="http://www.netbeans.org/ns/editor-bookmarks/2" lastBookmarkId="0"/>
    <open-files xmlns="http://www.netbeans.org/ns/projectui-open-files/2">
        <group>
            <file>file:/C:/Users/Acer/Documents/NetBeansProjects/The-Finder/src/Fields.java</file>
            <file>file:/C:/Users/Acer/Documents/NetBeansProjects/The-Finder/src/Advertisement.java</file>
            <file>file:/C:/Users/Acer/Documents/NetBeansProjects/The-Finder/src/Electronic_and_PowerSystems.java</file>
            <file>file:/C:/Users/Acer/Documents/NetBeansProjects/The-Finder/src/Profession.java</file>
            <file>file:/C:/Users/Acer/Documents/NetBeansProjects/The-Finder/src/edit_companyprofile.java</file>
            <file>file:/C:/Users/Acer/Documents/NetBeansProjects/The-Finder/src/Tutor.java</file>
            <file>file:/C:/Users/Acer/Documents/NetBeansProjects/The-Finder/src/LogIn.java</file>
            <file>file:/C:/Users/Acer/Documents/NetBeansProjects/The-Finder/src/The-Finder.xml</file>
            <file>file:/C:/Users/Acer/Documents/NetBeansProjects/The-Finder/src/Company.java</file>
            <file>file:/C:/Users/Acer/Documents/NetBeansProjects/The-Finder/src/SignUp.java</file>
            <file>file:/C:/Users/Acer/Documents/NetBeansProjects/The-Finder/src/Undergraduate.java</file>
            <file>file:/C:/Users/Acer/Documents/NetBeansProjects/The-Finder/src/edit_profile.java</file>
            <file>file:/C:/Users/Acer/Documents/NetBeansProjects/The-Finder/src/MyProfile.java</file>
            <file>file:/C:/Users/Acer/Documents/NetBeansProjects/The-Finder/src/Engineeringinterface.java</file>
            <file>file:/C:/Users/Acer/Documents/NetBeansProjects/The-Finder/src/Myprofilecompany.java</file>
            <file>file:/C:/Users/Acer/Documents/NetBeansProjects/The-Finder/src/DBConnection.java</file>
            <file>file:/C:/Users/Acer/Documents/NetBeansProjects/The-Finder/src/Homepage.java</file>
        </group>
    </open-files>
</project-private>
